Workbook
Name _xlcn.WorksheetConnection_07.sampledataexcelportfolioproject.xlsxcustomers1: #REF!
Name Slicer_Date_of_Call__Month: #N/A
Name Slicer_Day_of_week: #N/A

Sheet Data
A1: Call number | B1: Customer ID | C1: Duration | D1: Representative | E1: Date of Call | F1: Purchase Amount | G1: Satisfaction Rating | H1: Financial Year | I1: Day of week | J1: Duration Bucket | K1: Rating rounded | L1: Duration Category | M1: Purchase Category
A2: Call_7271 | B2: C0003 | C2: 116 | D2: R05 | E2: 44927 | F2: 128 | G2: 4.9 | H2: =IF(MONTH(Data!$E2)<=6, YEAR(Data!$E2), YEAR(Data!$E2)+1) -> 2023 | I2: =TEXT(Data!$E2,"DDDD") -> Sunday | J2: 1 to 2 hours | K2: =ROUND(Data!$G2,0) -> 5 | L2: {=_xlfn.IFS(C2<=15,"Very Short",C2<=30,"Short",C2<=60,"Medium",C2>60,"Long")} -> Long | M2: {=_xlfn.IFS(F2<=50,"Low",F2<=100,"Medium",F2<=150,"High",F2>150,"Very High")} -> High
A3: Call_7272 | B3: C0004 | C3: 119 | D3: R05 | E3: 44927 | F3: 135 | G3: 2.9 | H3: =IF(MONTH(Data!$E3)<=6, YEAR(Data!$E3), YEAR(Data!$E3)+1) -> 2023 | I3: =TEXT(Data!$E3,"DDDD") -> Sunday | J3: 1 to 2 hours | K3: =ROUND(Data!$G3,0) -> 3 | L3: {=_xlfn.IFS(C3<=15,"Very Short",C3<=30,"Short",C3<=60,"Medium",C3>60,"Long")} -> Long | M3: {=_xlfn.IFS(F3<=50,"Low",F3<=100,"Medium",F3<=150,"High",F3>150,"Very High")} -> High
A4: Call_7273 | B4: C0005 | C4: 68 | D4: R02 | E4: 44927 | F4: 66 | G4: 4.7 | H4: =IF(MONTH(Data!$E4)<=6, YEAR(Data!$E4), YEAR(Data!$E4)+1) -> 2023 | I4: =TEXT(Data!$E4,"DDDD") -> Sunday | J4: 1 to 2 hours | K4: =ROUND(Data!$G4,0) -> 5 | L4: {=_xlfn.IFS(C4<=15,"Very Short",C4<=30,"Short",C4<=60,"Medium",C4>60,"Long")} -> Long | M4: {=_xlfn.IFS(F4<=50,"Low",F4<=100,"Medium",F4<=150,"High",F4>150,"Very High")} -> Medium
A5: Call_7274 | B5: C0014 | C5: 119 | D5: R02 | E5: 44927 | F5: 22 | G5: 2.9 | H5: =IF(MONTH(Data!$E5)<=6, YEAR(Data!$E5), YEAR(Data!$E5)+1) -> 2023 | I5: =TEXT(Data!$E5,"DDDD") -> Sunday | J5: 1 to 2 hours | K5: =ROUND(Data!$G5,0) -> 3 | L5: {=_xlfn.IFS(C5<=15,"Very Short",C5<=30,"Short",C5<=60,"Medium",C5>60,"Long")} -> Long | M5: {=_xlfn.IFS(F5<=50,"Low",F5<=100,"Medium",F5<=150,"High",F5>150,"Very High")} -> Low
A6: Call_7275 | B6: C0011 | C6: 128 | D6: R01 | E6: 44928 | F6: 31 | G6: 2.8 | H6: =IF(MONTH(Data!$E6)<=6, YEAR(Data!$E6), YEAR(Data!$E6)+1) -> 2023 | I6: =TEXT(Data!$E6,"DDDD") -> Monday | J6: More than 2 hours | K6: =ROUND(Data!$G6,0) -> 3 | L6: {=_xlfn.IFS(C6<=15,"Very Short",C6<=30,"Short",C6<=60,"Medium",C6>60,"Long")} -> Long | M6: {=_xlfn.IFS(F6<=50,"Low",F6<=100,"Medium",F6<=150,"High",F6>150,"Very High")} -> Low
A7: Call_7276 | B7: C0011 | C7: 49 | D7: R02 | E7: 44929 | F7: 135 | G7: 4.8 | H7: =IF(MONTH(Data!$E7)<=6, YEAR(Data!$E7), YEAR(Data!$E7)+1) -> 2023 | I7: =TEXT(Data!$E7,"DDDD") -> Tuesday | J7: 30 to 60 mins | K7: =ROUND(Data!$G7,0) -> 5 | L7: {=_xlfn.IFS(C7<=15,"Very Short",C7<=30,"Short",C7<=60,"Medium",C7>60,"Long")} -> Medium | M7: {=_xlfn.IFS(F7<=50,"Low",F7<=100,"Medium",F7<=150,"High",F7>150,"Very High")} -> High
A8: Call_7277 | B8: C0007 | C8: 84 | D8: R05 | E8: 44929 | F8: 60 | G8: 4.7 | H8: =IF(MONTH(Data!$E8)<=6, YEAR(Data!$E8), YEAR(Data!$E8)+1) -> 2023 | I8: =TEXT(Data!$E8,"DDDD") -> Tuesday | J8: 1 to 2 hours | K8: =ROUND(Data!$G8,0) -> 5 | L8: {=_xlfn.IFS(C8<=15,"Very Short",C8<=30,"Short",C8<=60,"Medium",C8>60,"Long")} -> Long | M8: {=_xlfn.IFS(F8<=50,"Low",F8<=100,"Medium",F8<=150,"High",F8>150,"Very High")} -> Medium
A9: Call_7278 | B9: C0003 | C9: 103 | D9: R04 | E9: 44929 | F9: 148 | G9: 4.4 | H9: =IF(MONTH(Data!$E9)<=6, YEAR(Data!$E9), YEAR(Data!$E9)+1) -> 2023 | I9: =TEXT(Data!$E9,"DDDD") -> Tuesday | J9: 1 to 2 hours | K9: =ROUND(Data!$G9,0) -> 4 | L9: {=_xlfn.IFS(C9<=15,"Very Short",C9<=30,"Short",C9<=60,"Medium",C9>60,"Long")} -> Long | M9: {=_xlfn.IFS(F9<=50,"Low",F9<=100,"Medium",F9<=150,"High",F9>150,"Very High")} -> High
A10: Call_7279 | B10: C0005 | C10: 31 | D10: R02 | E10: 44929 | F10: 135 | G10: 3.6 | H10: =IF(MONTH(Data!$E10)<=6, YEAR(Data!$E10), YEAR(Data!$E10)+1) -> 2023 | I10: =TEXT(Data!$E10,"DDDD") -> Tuesday | J10: 30 to 60 mins | K10: =ROUND(Data!$G10,0) -> 4 | L10: {=_xlfn.IFS(C10<=15,"Very Short",C10<=30,"Short",C10<=60,"Medium",C10>60,"Long")} -> Medium | M10: {=_xlfn.IFS(F10<=50,"Low",F10<=100,"Medium",F10<=150,"High",F10>150,"Very High")} -> High
A11: Call_7280 | B11: C0010 | C11: 44 | D11: R03 | E11: 44929 | F11: 105 | G11: 2.9 | H11: =IF(MONTH(Data!$E11)<=6, YEAR(Data!$E11), YEAR(Data!$E11)+1) -> 2023 | I11: =TEXT(Data!$E11,"DDDD") -> Tuesday | J11: 30 to 60 mins | K11: =ROUND(Data!$G11,0) -> 3 | L11: {=_xlfn.IFS(C11<=15,"Very Short",C11<=30,"Short",C11<=60,"Medium",C11>60,"Long")} -> Medium | M11: {=_xlfn.IFS(F11<=50,"Low",F11<=100,"Medium",F11<=150,"High",F11>150,"Very High")} -> High
A12: Call_7281 | B12: C0011 | C12: 102 | D12: R02 | E12: 44929 | F12: 69 | G12: 4.9 | H12: =IF(MONTH(Data!$E12)<=6, YEAR(Data!$E12), YEAR(Data!$E12)+1) -> 2023 | I12: =TEXT(Data!$E12,"DDDD") -> Tuesday | J12: 1 to 2 hours | K12: =ROUND(Data!$G12,0) -> 5 | L12: {=_xlfn.IFS(C12<=15,"Very Short",C12<=30,"Short",C12<=60,"Medium",C12>60,"Long")} -> Long | M12: {=_xlfn.IFS(F12<=50,"Low",F12<=100,"Medium",F12<=150,"High",F12>150,"Very High")} -> Medium
A13: Call_7282 | B13: C0013 | C13: 135 | D13: R05 | E13: 44929 | F13: 46 | G13: 3.4 | H13: =IF(MONTH(Data!$E13)<=6, YEAR(Data!$E13), YEAR(Data!$E13)+1) -> 2023 | I13: =TEXT(Data!$E13,"DDDD") -> Tuesday | J13: More than 2 hours | K13: =ROUND(Data!$G13,0) -> 3 | L13: {=_xlfn.IFS(C13<=15,"Very Short",C13<=30,"Short",C13<=60,"Medium",C13>60,"Long")} -> Long | M13: {=_xlfn.IFS(F13<=50,"Low",F13<=100,"Medium",F13<=150,"High",F13>150,"Very High")} -> Low
... A1001: Call_8270 | B1001: C0009 | C1001: 114 | D1001: R01 | E1001: 45291 | F1001: 40 | G1001: 3.9 | H1001: =IF(MONTH(Data!$E1001)<=6, YEAR(Data!$E1001), YEAR(Data!$E1001)+1) -> 2024 | I1001: =TEXT(Data!$E1001,"DDDD") -> Sunday | J1001: 1 to 2 hours | K1001: =ROUND(Data!$G1001,0) -> 4 | L1001: {=_xlfn.IFS(C1001<=15,"Very Short",C1001<=30,"Short",C1001<=60,"Medium",C1001>60,"Long")} -> Long | M1001: {=_xlfn.IFS(F1001<=50,"Low",F1001<=100,"Medium",F1001<=150,"High",F1001>150,"Very High")} -> Low

Sheet Business Summary

Sheet Pivot Table
A1: Representative | B1: Total Sales | C1: done | D1: Representative | E1: Avg of Rating | F1: done | G1: Duration Category | H1: Count of Duration | I1: done
A2: R03 | B2: 20872 | D2: R01 | E2: 3.9227513 | G2: Long | H2: 761
A3: R02 | B3: 20581 | D3: R04 | E3: 3.8973118 | G3: Medium | H3: 179
A4: R05 | B4: 20104 | D4: R05 | E4: 3.8825 | G4: Short | H4: 44
A5: R01 | B5: 18415 | D5: R02 | E5: 3.8706422 | G5: Very Short | H5: 16
A6: R04 | B6: 16651 | D6: R03 | E6: 3.8589372 | G6: Grand Total | H6: 1000
A7: Grand Total | B7: 96623 | D7: Grand Total | E7: 3.8854
A10: Days | B10: Total Sales | C10: done | D10: Representative | E10: Count of Call number | G10: Days | H10: Count of Calls | I10: done
A11: Saturday | B11: 16007 | D11: R02 | E11: 218 | G11: Saturday | H11: 161
A12: Wednesday | B12: 15702 | D12: R03 | E12: 207 | G12: Wednesday | H12: 153
A13: Sunday | B13: 13476 | D13: R05 | E13: 200 | G13: Sunday | H13: 146
A14: Tuesday | B14: 13143 | D14: R01 | E14: 189 | G14: Friday | H14: 141
A15: Friday | B15: 13120 | D15: R04 | E15: 186 | G15: Tuesday | H15: 138
A16: Monday | B16: 13054 | D16: Grand Total | E16: 1000 | G16: Monday | H16: 133
A17: Thursday | B17: 12121 | G17: Thursday | H17: 128
A18: Grand Total | B18: 96623 | G18: Grand Total | H18: 1000
A21: Total Calls | B21: Representative | C21: Total Sales | D21: Total Customers | E21: done | G21: Duration Bucket
A22: 1000 | B22: 5 | C22: 96623 | D22: 15 | G22: Long
G23: 1 to 2 hours
A24: =A21 -> Total Calls | B24: =B21 -> Representative | C24: =C21 -> Total Sales | D24: =D21 -> Total Customers | G24: More than 2 hours
A25: =A22 -> 1000 | B25: =B22 -> 5 | C25: =C22 -> 96623 | D25: =D22 -> 15 | G25: Short
G26: 10 to 30 mins
G27: Under 10 mins
A28: Month | B28: Total Sales | C28: done | G28: Medium
A29: Jan | B29: 7790 | G29: 30 to 60 mins
A30: Feb | B30: 6122 | G30: Grand Total
A31: Mar | B31: 14563
A32: Apr | B32: 13536
A33: May | B33: 8171
A34: Jun | B34: 5893
A35: Jul | B35: 6007
A36: Aug | B36: 4950
A37: Sep | B37: 6689
A38: Oct | B38: 10875
A39: Nov | B39: 6775
A40: Dec | B40: 5252
A41: Grand Total | B41: 96623

Sheet Q1 - Sales by Representative
A1: Representative | B1: Total Sales
A2: R01 | B2: 18415
A3: R02 | B3: 20581
A4: R03 | B4: 20872
A5: R04 | B5: 16651
A6: R05 | B6: 20104
A7: Grand Total | B7: 96623

Sheet Q2
A1: Representative | B1: Avg of Satisfaction Rating
A2: R01 | B2: 3.9227513
A3: R04 | B3: 3.8973118
A4: R05 | B4: 3.8825
A5: R02 | B5: 3.8706422
A6: R03 | B6: 3.8589372
A7: Grand Total | B7: 3.8854

Sheet Q3
A1: Representative | B1: Count of Duration
A2: Long | B2: 761
A3: Medium | B3: 179
A4: Short | B4: 44
A5: Very Short | B5: 16
A6: Grand Total | B6: 1000

Sheet Q4
A1: Days | B1: Total Sales
A2: Saturday | B2: 16007
A3: Wednesday | B3: 15702
A4: Sunday | B4: 13476
A5: Tuesday | B5: 13143
A6: Friday | B6: 13120
A7: Monday | B7: 13054
A8: Thursday | B8: 12121
A9: Grand Total | B9: 96623

Sheet Q5
A1: Representative | B1: Count of Call number
A2: R02 | B2: 218
A3: R03 | B3: 207
A4: R05 | B4: 200
A5: R01 | B5: 189
A6: R04 | B6: 186
A7: Grand Total | B7: 1000

Sheet Q6
A1: Days | B1: Count of Calls
A2: Saturday | B2: 161
A3: Wednesday | B3: 153
A4: Sunday | B4: 146
A5: Friday | B5: 141
A6: Tuesday | B6: 138
A7: Monday | B7: 133
A8: Thursday | B8: 128
A9: Grand Total | B9: 1000
